SET
@Alchemy        := 900065,
@Blacksmithing  := 900066,
@Enchanting     := 900067,
@Engineering    := 900068,
@Inscription    := 900069,
@Jewelcrafting  := 900070,
@Leatherworking := 900071,
@Tailoring      := 900074,
@Cooking        := 900085,
@NAME           := "Sartie Sweettoe";


DELETE FROM creature WHERE id = @Alchemy;
DELETE FROM creature WHERE id = @Blacksmithing;
DELETE FROM creature WHERE id = @Enchanting;
DELETE FROM creature WHERE id = @Engineering;
DELETE FROM creature WHERE id = @Inscription;
DELETE FROM creature WHERE id = @Jewelcrafting;
DELETE FROM creature WHERE id = @Leatherworking;
DELETE FROM creature WHERE id = @Tailoring;
DELETE FROM creature WHERE id = @Cooking;

DELETE FROM creature_template WHERE entry = @Alchemy;
DELETE FROM creature_template WHERE entry = @Blacksmithing;
DELETE FROM creature_template WHERE entry = @Enchanting;
DELETE FROM creature_template WHERE entry = @Engineering;
DELETE FROM creature_template WHERE entry = @Inscription;
DELETE FROM creature_template WHERE entry = @Jewelcrafting;
DELETE FROM creature_template WHERE entry = @Leatherworking;
DELETE FROM creature_template WHERE entry = @Tailoring;
DELETE FROM creature_template WHERE entry = @Cooking;

DELETE FROM npc_vendor WHERE entry = @Alchemy;
DELETE FROM npc_vendor WHERE entry = @Blacksmithing;
DELETE FROM npc_vendor WHERE entry = @Enchanting;
DELETE FROM npc_vendor WHERE entry = @Engineering;
DELETE FROM npc_vendor WHERE entry = @Inscription;
DELETE FROM npc_vendor WHERE entry = @Jewelcrafting;
DELETE FROM npc_vendor WHERE entry = @Leatherworking;
DELETE FROM npc_vendor WHERE entry = @Tailoring;
DELETE FROM npc_vendor WHERE entry = @Cooking;


REPLACE INTO `creature_template` (entry,modelid1,subname,name,minlevel,maxlevel,faction,npcflag,InhabitType) VALUES
(@Alchemy,163,"Alchemy Materials",@NAME,80,80,35,128,3),
(@Blacksmithing,163,"Blacksmithing Materials",@NAME,80,80,35,128,3),
(@Enchanting,163,"Enchanting Materials",@NAME,80,80,35,128,3),
(@Engineering,163,"Engineering Materials",@NAME,80,80,35,128,3),
(@Inscription,163,"Inscription Materials",@NAME,80,80,35,128,3),
(@Jewelcrafting,163,"Jewelcrafting Materials",@NAME,80,80,35,128,3),
(@Leatherworking,163,"Leatherworking Materials",@NAME,80,80,35,128,3),
(@Tailoring ,163,"Tailoring Materials",@NAME,80,80,35,128,3),
(@Cooking,163,"Cooking Materials",@NAME,80,80,35,128,3);

REPLACE INTO `npc_vendor` (`entry`,`slot`,`item`,`maxcount`,`incrtime`,`extendedcost`) VALUES
 (@Jewelcrafting, '0', '41596', '0', '0', '0'),
 (@Cooking, '0', '43016', '0', '0', '0'),
 (@Alchemy, '0', '36921', '0', '0', '0'),
 (@Alchemy, '0', '36919', '0', '0', '0'),
 (@Alchemy, '0', '36918', '0', '0', '0'),
 (@Alchemy, '0', '36917', '0', '0', '0'),
 (@Alchemy, '0', '36913', '0', '0', '0'),
 (@Alchemy, '0', '36908', '0', '0', '0'),
 (@Alchemy, '0', '36907', '0', '0', '0'),
 (@Alchemy, '0', '36906', '0', '0', '0'),
 (@Alchemy, '0', '36905', '0', '0', '0'),
 (@Alchemy, '0', '36904', '0', '0', '0'),
 (@Alchemy, '0', '36903', '0', '0', '0'),
 (@Alchemy, '0', '36901', '0', '0', '0'),
 (@Alchemy, '0', '33448', '0', '0', '0'),
 (@Alchemy, '0', '33447', '0', '0', '0'),
 (@Alchemy, '0', '30183', '0', '0', '0'),
 (@Alchemy, '0', '25868', '0', '0', '0'),
 (@Alchemy, '0', '25867', '0', '0', '0'),
 (@Alchemy, '0', '23782', '0', '0', '0'),
 (@Alchemy, '0', '23117', '0', '0', '0'),
 (@Alchemy, '0', '23112', '0', '0', '0'),
 (@Alchemy, '0', '23107', '0', '0', '0'),
 (@Alchemy, '0', '23079', '0', '0', '0'),
 (@Alchemy, '0', '23077', '0', '0', '0'),
 (@Alchemy, '0', '22832', '0', '0', '0'),
 (@Alchemy, '0', '22831', '0', '0', '0'),
 (@Alchemy, '0', '22829', '0', '0', '0'),
 (@Alchemy, '0', '22824', '0', '0', '0'),
 (@Alchemy, '0', '22794', '0', '0', '0'),
 (@Alchemy, '0', '22793', '0', '0', '0'),
 (@Alchemy, '0', '22792', '0', '0', '0'),
 (@Alchemy, '0', '22791', '0', '0', '0'),
 (@Alchemy, '0', '22790', '0', '0', '0'),
 (@Alchemy, '0', '22789', '0', '0', '0'),
 (@Alchemy, '0', '22787', '0', '0', '0'),
 (@Alchemy, '0', '22786', '0', '0', '0'),
 (@Alchemy, '0', '22785', '0', '0', '0'),
 (@Alchemy, '0', '21929', '0', '0', '0'),
 (@Alchemy, '0', '19943', '0', '0', '0'),
 (@Alchemy, '0', '13510', '0', '0', '0'),
 (@Alchemy, '0', '13503', '0', '0', '0'),
 (@Alchemy, '0', '13468', '0', '0', '0'),
 (@Alchemy, '0', '13467', '0', '0', '0'),
 (@Alchemy, '0', '13466', '0', '0', '0'),
 (@Alchemy, '0', '13465', '0', '0', '0'),
 (@Alchemy, '0', '13464', '0', '0', '0'),
 (@Alchemy, '0', '13463', '0', '0', '0'),
 (@Alchemy, '0', '13446', '0', '0', '0'),
 (@Alchemy, '0', '13444', '0', '0', '0'),
 (@Alchemy, '0', '13423', '0', '0', '0'),
 (@Alchemy, '0', '13422', '0', '0', '0'),
 (@Alchemy, '0', '12938', '0', '0', '0'),
 (@Alchemy, '0', '12808', '0', '0', '0'),
 (@Alchemy, '0', '12803', '0', '0', '0'),
 (@Alchemy, '0', '11176', '0', '0', '0'),
 (@Alchemy, '0', '10620', '0', '0', '0'),
 (@Alchemy, '0', '10592', '0', '0', '0'),
 (@Alchemy, '0', '10286', '0', '0', '0'),
 (@Alchemy, '0', '9262', '0', '0', '0'),
 (@Alchemy, '0', '9260', '0', '0', '0'),
 (@Alchemy, '0', '9224', '0', '0', '0'),
 (@Alchemy, '0', '9210', '0', '0', '0'),
 (@Alchemy, '0', '9149', '0', '0', '0'),
 (@Alchemy, '0', '8951', '0', '0', '0'),
 (@Alchemy, '0', '8949', '0', '0', '0'),
 (@Alchemy, '0', '8925', '0', '0', '0'),
 (@Alchemy, '0', '8845', '0', '0', '0'),
 (@Alchemy, '0', '8839', '0', '0', '0'),
 (@Alchemy, '0', '8838', '0', '0', '0'),
 (@Alchemy, '0', '7082', '0', '0', '0'),
 (@Alchemy, '0', '7078', '0', '0', '0'),
 (@Alchemy, '0', '7076', '0', '0', '0'),
 (@Alchemy, '0', '6522', '0', '0', '0'),
 (@Alchemy, '0', '6371', '0', '0', '0'),
 (@Alchemy, '0', '6370', '0', '0', '0'),
 (@Alchemy, '0', '6359', '0', '0', '0'),
 (@Alchemy, '0', '6358', '0', '0', '0'),
 (@Alchemy, '0', '6149', '0', '0', '0'),
 (@Alchemy, '0', '6048', '0', '0', '0'),
 (@Alchemy, '0', '5637', '0', '0', '0'),
 (@Alchemy, '0', '5635', '0', '0', '0'),
 (@Alchemy, '0', '5633', '0', '0', '0'),
 (@Alchemy, '0', '4402', '0', '0', '0'),
 (@Alchemy, '0', '4342', '0', '0', '0'),
 (@Alchemy, '0', '3858', '0', '0', '0'),
 (@Alchemy, '0', '3824', '0', '0', '0'),
 (@Alchemy, '0', '3821', '0', '0', '0'),
 (@Alchemy, '0', '3819', '0', '0', '0'),
 (@Alchemy, '0', '3818', '0', '0', '0'),
 (@Alchemy, '0', '3391', '0', '0', '0'),
 (@Alchemy, '0', '3390', '0', '0', '0'),
 (@Alchemy, '0', '3389', '0', '0', '0'),
 (@Alchemy, '0', '3383', '0', '0', '0'),
 (@Alchemy, '0', '3372', '0', '0', '0'),
 (@Alchemy, '0', '3371', '0', '0', '0'),
 (@Alchemy, '0', '3369', '0', '0', '0'),
 (@Alchemy, '0', '3358', '0', '0', '0'),
 (@Alchemy, '0', '3356', '0', '0', '0'),
 (@Alchemy, '0', '3355', '0', '0', '0'),
 (@Alchemy, '0', '2459', '0', '0', '0'),
 (@Alchemy, '0', '2457', '0', '0', '0'),
 (@Alchemy, '0', '2453', '0', '0', '0'),
 (@Alchemy, '0', '2452', '0', '0', '0'),
 (@Alchemy, '0', '2450', '0', '0', '0'),
 (@Alchemy, '0', '1288', '0', '0', '0'),
 (@Alchemy, '0', '785', '0', '0', '0'),
 (@Alchemy, '0', '765', '0', '0', '0'),
 (@Alchemy, '0', '118', '0', '0', '0'),
 (@Blacksmithing, '0', '47556', '0', '0', '0'),
 (@Blacksmithing, '0', '45087', '0', '0', '0'),
 (@Blacksmithing, '0', '43102', '0', '0', '0'),
 (@Blacksmithing, '0', '41745', '0', '0', '0'),
 (@Blacksmithing, '0', '41355', '0', '0', '0'),
 (@Blacksmithing, '0', '41245', '0', '0', '0'),
 (@Blacksmithing, '0', '41163', '0', '0', '0'),
 (@Blacksmithing, '0', '37663', '0', '0', '0'),
 (@Blacksmithing, '0', '36925', '0', '0', '0'),
 (@Blacksmithing, '0', '36916', '0', '0', '0'),
 (@Blacksmithing, '0', '36913', '0', '0', '0'),
 (@Blacksmithing, '0', '35128', '0', '0', '0'),
 (@Blacksmithing, '0', '34664', '0', '0', '0'),
 (@Blacksmithing, '0', '34054', '0', '0', '0'),
 (@Blacksmithing, '0', '32428', '0', '0', '0'),
 (@Blacksmithing, '0', '30183', '0', '0', '0'),
 (@Blacksmithing, '0', '28484', '0', '0', '0'),
 (@Blacksmithing, '0', '28483', '0', '0', '0'),
 (@Blacksmithing, '0', '28441', '0', '0', '0'),
 (@Blacksmithing, '0', '28440', '0', '0', '0'),
 (@Blacksmithing, '0', '28438', '0', '0', '0'),
 (@Blacksmithing, '0', '28437', '0', '0', '0'),
 (@Blacksmithing, '0', '28435', '0', '0', '0'),
 (@Blacksmithing, '0', '28434', '0', '0', '0'),
 (@Blacksmithing, '0', '28432', '0', '0', '0'),
 (@Blacksmithing, '0', '28431', '0', '0', '0'),
 (@Blacksmithing, '0', '28429', '0', '0', '0'),
 (@Blacksmithing, '0', '28428', '0', '0', '0'),
 (@Blacksmithing, '0', '28426', '0', '0', '0'),
 (@Blacksmithing, '0', '28425', '0', '0', '0'),
 (@Blacksmithing, '0', '27503', '0', '0', '0'),
 (@Blacksmithing, '0', '25845', '0', '0', '0'),
 (@Blacksmithing, '0', '25844', '0', '0', '0'),
 (@Blacksmithing, '0', '25843', '0', '0', '0'),
 (@Blacksmithing, '0', '23793', '0', '0', '0'),
 (@Blacksmithing, '0', '23573', '0', '0', '0'),
 (@Blacksmithing, '0', '23564', '0', '0', '0'),
 (@Blacksmithing, '0', '23563', '0', '0', '0'),
 (@Blacksmithing, '0', '23449', '0', '0', '0'),
 (@Blacksmithing, '0', '23447', '0', '0', '0'),
 (@Blacksmithing, '0', '23446', '0', '0', '0'),
 (@Blacksmithing, '0', '22831', '0', '0', '0'),
 (@Blacksmithing, '0', '22824', '0', '0', '0'),
 (@Blacksmithing, '0', '22450', '0', '0', '0'),
 (@Blacksmithing, '0', '22449', '0', '0', '0'),
 (@Blacksmithing, '0', '22445', '0', '0', '0'),
 (@Blacksmithing, '0', '22203', '0', '0', '0'),
 (@Blacksmithing, '0', '22202', '0', '0', '0'),
 (@Blacksmithing, '0', '21877', '0', '0', '0'),
 (@Blacksmithing, '0', '19774', '0', '0', '0'),
 (@Blacksmithing, '0', '19726', '0', '0', '0'),
 (@Blacksmithing, '0', '16206', '0', '0', '0'),
 (@Blacksmithing, '0', '15417', '0', '0', '0'),
 (@Blacksmithing, '0', '13510', '0', '0', '0'),
 (@Blacksmithing, '0', '12811', '0', '0', '0'),
 (@Blacksmithing, '0', '12809', '0', '0', '0'),
 (@Blacksmithing, '0', '12808', '0', '0', '0'),
 (@Blacksmithing, '0', '12803', '0', '0', '0'),
 (@Blacksmithing, '0', '12799', '0', '0', '0'),
 (@Blacksmithing, '0', '12662', '0', '0', '0'),
 (@Blacksmithing, '0', '12365', '0', '0', '0'),
 (@Blacksmithing, '0', '12364', '0', '0', '0'),
 (@Blacksmithing, '0', '11144', '0', '0', '0'),
 (@Blacksmithing, '0', '11128', '0', '0', '0'),
 (@Blacksmithing, '0', '9060', '0', '0', '0'),
 (@Blacksmithing, '0', '7971', '0', '0', '0'),
 (@Blacksmithing, '0', '7912', '0', '0', '0'),
 (@Blacksmithing, '0', '7909', '0', '0', '0'),
 (@Blacksmithing, '0', '7081', '0', '0', '0'),
 (@Blacksmithing, '0', '7078', '0', '0', '0'),
 (@Blacksmithing, '0', '7076', '0', '0', '0'),
 (@Blacksmithing, '0', '7075', '0', '0', '0'),
 (@Blacksmithing, '0', '7071', '0', '0', '0'),
 (@Blacksmithing, '0', '6338', '0', '0', '0'),
 (@Blacksmithing, '0', '5966', '0', '0', '0'),
 (@Blacksmithing, '0', '5637', '0', '0', '0'),
 (@Blacksmithing, '0', '5635', '0', '0', '0'),
 (@Blacksmithing, '0', '5500', '0', '0', '0'),
 (@Blacksmithing, '0', '5498', '0', '0', '0'),
 (@Blacksmithing, '0', '4255', '0', '0', '0'),
 (@Blacksmithing, '0', '3864', '0', '0', '0'),
 (@Blacksmithing, '0', '3859', '0', '0', '0'),
 (@Blacksmithing, '0', '3824', '0', '0', '0'),
 (@Blacksmithing, '0', '3478', '0', '0', '0'),
 (@Blacksmithing, '0', '3470', '0', '0', '0'),
 (@Blacksmithing, '0', '3466', '0', '0', '0'),
 (@Blacksmithing, '0', '3391', '0', '0', '0'),
 (@Blacksmithing, '0', '2880', '0', '0', '0'),
 (@Blacksmithing, '0', '2841', '0', '0', '0'),
 (@Blacksmithing, '0', '2838', '0', '0', '0'),
 (@Blacksmithing, '0', '2836', '0', '0', '0'),
 (@Blacksmithing, '0', '2835', '0', '0', '0'),
 (@Blacksmithing, '0', '2605', '0', '0', '0'),
 (@Blacksmithing, '0', '2459', '0', '0', '0'),
 (@Blacksmithing, '0', '1705', '0', '0', '0'),
 (@Blacksmithing, '0', '1210', '0', '0', '0'),
 (@Blacksmithing, '0', '1206', '0', '0', '0'),
 (@Blacksmithing, '0', '818', '0', '0', '0'),
 (@Blacksmithing, '0', '774', '0', '0', '0'),
 (@Enchanting, '0', '44958', '0', '0', '0'),
 (@Enchanting, '0', '41745', '0', '0', '0'),
 (@Enchanting, '0', '41163', '0', '0', '0'),
 (@Enchanting, '0', '37663', '0', '0', '0'),
 (@Enchanting, '0', '36918', '0', '0', '0'),
 (@Enchanting, '0', '34057', '0', '0', '0'),
 (@Enchanting, '0', '34056', '0', '0', '0'),
 (@Enchanting, '0', '34055', '0', '0', '0'),
 (@Enchanting, '0', '34054', '0', '0', '0'),
 (@Enchanting, '0', '34052', '0', '0', '0'),
 (@Enchanting, '0', '25845', '0', '0', '0'),
 (@Enchanting, '0', '25844', '0', '0', '0'),
 (@Enchanting, '0', '25843', '0', '0', '0'),
 (@Enchanting, '0', '23427', '0', '0', '0'),
 (@Enchanting, '0', '22824', '0', '0', '0'),
 (@Enchanting, '0', '22794', '0', '0', '0'),
 (@Enchanting, '0', '22792', '0', '0', '0'),
 (@Enchanting, '0', '22791', '0', '0', '0'),
 (@Enchanting, '0', '22463', '0', '0', '0'),
 (@Enchanting, '0', '22462', '0', '0', '0'),
 (@Enchanting, '0', '22461', '0', '0', '0'),
 (@Enchanting, '0', '22450', '0', '0', '0'),
 (@Enchanting, '0', '22449', '0', '0', '0'),
 (@Enchanting, '0', '22448', '0', '0', '0'),
 (@Enchanting, '0', '22447', '0', '0', '0'),
 (@Enchanting, '0', '22446', '0', '0', '0'),
 (@Enchanting, '0', '22445', '0', '0', '0'),
 (@Enchanting, '0', '17035', '0', '0', '0'),
 (@Enchanting, '0', '17034', '0', '0', '0'),
 (@Enchanting, '0', '16207', '0', '0', '0'),
 (@Enchanting, '0', '16206', '0', '0', '0'),
 (@Enchanting, '0', '16204', '0', '0', '0'),
 (@Enchanting, '0', '14343', '0', '0', '0'),
 (@Enchanting, '0', '13926', '0', '0', '0'),
 (@Enchanting, '0', '13467', '0', '0', '0'),
 (@Enchanting, '0', '13446', '0', '0', '0'),
 (@Enchanting, '0', '13444', '0', '0', '0'),
 (@Enchanting, '0', '12811', '0', '0', '0'),
 (@Enchanting, '0', '12808', '0', '0', '0'),
 (@Enchanting, '0', '12803', '0', '0', '0'),
 (@Enchanting, '0', '11291', '0', '0', '0'),
 (@Enchanting, '0', '11178', '0', '0', '0'),
 (@Enchanting, '0', '11177', '0', '0', '0'),
 (@Enchanting, '0', '11176', '0', '0', '0'),
 (@Enchanting, '0', '11175', '0', '0', '0'),
 (@Enchanting, '0', '11145', '0', '0', '0'),
 (@Enchanting, '0', '11144', '0', '0', '0'),
 (@Enchanting, '0', '11139', '0', '0', '0'),
 (@Enchanting, '0', '11138', '0', '0', '0'),
 (@Enchanting, '0', '11137', '0', '0', '0'),
 (@Enchanting, '0', '11135', '0', '0', '0'),
 (@Enchanting, '0', '11134', '0', '0', '0'),
 (@Enchanting, '0', '11130', '0', '0', '0'),
 (@Enchanting, '0', '11128', '0', '0', '0'),
 (@Enchanting, '0', '11084', '0', '0', '0'),
 (@Enchanting, '0', '11083', '0', '0', '0'),
 (@Enchanting, '0', '11082', '0', '0', '0'),
 (@Enchanting, '0', '10998', '0', '0', '0'),
 (@Enchanting, '0', '10978', '0', '0', '0'),
 (@Enchanting, '0', '10940', '0', '0', '0'),
 (@Enchanting, '0', '10939', '0', '0', '0'),
 (@Enchanting, '0', '10938', '0', '0', '0'),
 (@Enchanting, '0', '9224', '0', '0', '0'),
 (@Enchanting, '0', '8925', '0', '0', '0'),
 (@Enchanting, '0', '8838', '0', '0', '0'),
 (@Enchanting, '0', '7971', '0', '0', '0'),
 (@Enchanting, '0', '7909', '0', '0', '0'),
 (@Enchanting, '0', '7392', '0', '0', '0'),
 (@Enchanting, '0', '7082', '0', '0', '0'),
 (@Enchanting, '0', '7081', '0', '0', '0'),
 (@Enchanting, '0', '7078', '0', '0', '0'),
 (@Enchanting, '0', '7076', '0', '0', '0'),
 (@Enchanting, '0', '7075', '0', '0', '0'),
 (@Enchanting, '0', '6371', '0', '0', '0'),
 (@Enchanting, '0', '6370', '0', '0', '0'),
 (@Enchanting, '0', '6339', '0', '0', '0'),
 (@Enchanting, '0', '6338', '0', '0', '0'),
 (@Enchanting, '0', '6218', '0', '0', '0'),
 (@Enchanting, '0', '6217', '0', '0', '0'),
 (@Enchanting, '0', '6048', '0', '0', '0'),
 (@Enchanting, '0', '5637', '0', '0', '0'),
 (@Enchanting, '0', '5500', '0', '0', '0'),
 (@Enchanting, '0', '4470', '0', '0', '0'),
 (@Enchanting, '0', '3819', '0', '0', '0'),
 (@Enchanting, '0', '3372', '0', '0', '0'),
 (@Enchanting, '0', '3371', '0', '0', '0'),
 (@Enchanting, '0', '3356', '0', '0', '0'),
 (@Enchanting, '0', '2772', '0', '0', '0'),
 (@Engineering, '0', '44501', '0', '0', '0'),
 (@Engineering, '0', '44500', '0', '0', '0'),
 (@Engineering, '0', '44499', '0', '0', '0'),
 (@Engineering, '0', '44128', '0', '0', '0'),
 (@Engineering, '0', '43102', '0', '0', '0'),
 (@Engineering, '0', '42546', '0', '0', '0'),
 (@Engineering, '0', '41163', '0', '0', '0'),
 (@Engineering, '0', '41146', '0', '0', '0'),
 (@Engineering, '0', '40769', '0', '0', '0'),
 (@Engineering, '0', '40533', '0', '0', '0'),
 (@Engineering, '0', '39690', '0', '0', '0'),
 (@Engineering, '0', '39684', '0', '0', '0'),
 (@Engineering, '0', '39683', '0', '0', '0'),
 (@Engineering, '0', '38425', '0', '0', '0'),
 (@Engineering, '0', '37663', '0', '0', '0'),
 (@Engineering, '0', '36933', '0', '0', '0'),
 (@Engineering, '0', '36930', '0', '0', '0'),
 (@Engineering, '0', '36927', '0', '0', '0'),
 (@Engineering, '0', '36924', '0', '0', '0'),
 (@Engineering, '0', '36921', '0', '0', '0'),
 (@Engineering, '0', '36920', '0', '0', '0'),
 (@Engineering, '0', '36918', '0', '0', '0'),
 (@Engineering, '0', '36916', '0', '0', '0'),
 (@Engineering, '0', '36913', '0', '0', '0'),
 (@Engineering, '0', '35128', '0', '0', '0'),
 (@Engineering, '0', '34249', '0', '0', '0'),
 (@Engineering, '0', '34113', '0', '0', '0'),
 (@Engineering, '0', '34052', '0', '0', '0'),
 (@Engineering, '0', '33568', '0', '0', '0'),
 (@Engineering, '0', '33470', '0', '0', '0'),
 (@Engineering, '0', '32495', '0', '0', '0'),
 (@Engineering, '0', '32494', '0', '0', '0'),
 (@Engineering, '0', '32480', '0', '0', '0'),
 (@Engineering, '0', '32479', '0', '0', '0'),
 (@Engineering, '0', '32478', '0', '0', '0'),
 (@Engineering, '0', '32476', '0', '0', '0'),
 (@Engineering, '0', '32475', '0', '0', '0'),
 (@Engineering, '0', '32474', '0', '0', '0'),
 (@Engineering, '0', '32473', '0', '0', '0'),
 (@Engineering, '0', '32472', '0', '0', '0'),
 (@Engineering, '0', '32461', '0', '0', '0'),
 (@Engineering, '0', '32423', '0', '0', '0'),
 (@Engineering, '0', '24272', '0', '0', '0'),
 (@Engineering, '0', '24271', '0', '0', '0'),
 (@Engineering, '0', '23826', '0', '0', '0'),
 (@Engineering, '0', '23793', '0', '0', '0'),
 (@Engineering, '0', '23787', '0', '0', '0'),
 (@Engineering, '0', '23786', '0', '0', '0'),
 (@Engineering, '0', '23785', '0', '0', '0'),
 (@Engineering, '0', '23783', '0', '0', '0'),
 (@Engineering, '0', '23782', '0', '0', '0'),
 (@Engineering, '0', '23781', '0', '0', '0'),
 (@Engineering, '0', '23573', '0', '0', '0'),
 (@Engineering, '0', '23449', '0', '0', '0'),
 (@Engineering, '0', '23446', '0', '0', '0'),
 (@Engineering, '0', '23441', '0', '0', '0'),
 (@Engineering, '0', '23440', '0', '0', '0'),
 (@Engineering, '0', '23439', '0', '0', '0'),
 (@Engineering, '0', '23438', '0', '0', '0'),
 (@Engineering, '0', '23437', '0', '0', '0'),
 (@Engineering, '0', '23436', '0', '0', '0'),
 (@Engineering, '0', '23112', '0', '0', '0'),
 (@Engineering, '0', '23079', '0', '0', '0'),
 (@Engineering, '0', '23077', '0', '0', '0'),
 (@Engineering, '0', '22832', '0', '0', '0'),
 (@Engineering, '0', '22829', '0', '0', '0'),
 (@Engineering, '0', '22449', '0', '0', '0'),
 (@Engineering, '0', '22448', '0', '0', '0'),
 (@Engineering, '0', '22445', '0', '0', '0'),
 (@Engineering, '0', '21929', '0', '0', '0'),
 (@Engineering, '0', '21877', '0', '0', '0'),
 (@Engineering, '0', '21840', '0', '0', '0'),
 (@Engineering, '0', '20816', '0', '0', '0'),
 (@Engineering, '0', '19726', '0', '0', '0'),
 (@Engineering, '0', '18631', '0', '0', '0'),
 (@Engineering, '0', '18232', '0', '0', '0'),
 (@Engineering, '0', '17202', '0', '0', '0'),
 (@Engineering, '0', '17020', '0', '0', '0'),
 (@Engineering, '0', '15992', '0', '0', '0'),
 (@Engineering, '0', '13467', '0', '0', '0'),
 (@Engineering, '0', '12808', '0', '0', '0'),
 (@Engineering, '0', '12803', '0', '0', '0'),
 (@Engineering, '0', '12799', '0', '0', '0'),
 (@Engineering, '0', '12365', '0', '0', '0'),
 (@Engineering, '0', '12364', '0', '0', '0'),
 (@Engineering, '0', '11291', '0', '0', '0'),
 (@Engineering, '0', '10648', '0', '0', '0'),
 (@Engineering, '0', '10647', '0', '0', '0'),
 (@Engineering, '0', '10592', '0', '0', '0'),
 (@Engineering, '0', '10586', '0', '0', '0'),
 (@Engineering, '0', '10577', '0', '0', '0'),
 (@Engineering, '0', '10576', '0', '0', '0'),
 (@Engineering, '0', '10560', '0', '0', '0'),
 (@Engineering, '0', '10558', '0', '0', '0'),
 (@Engineering, '0', '10546', '0', '0', '0'),
 (@Engineering, '0', '10543', '0', '0', '0'),
 (@Engineering, '0', '10507', '0', '0', '0'),
 (@Engineering, '0', '10505', '0', '0', '0'),
 (@Engineering, '0', '10502', '0', '0', '0'),
 (@Engineering, '0', '10500', '0', '0', '0'),
 (@Engineering, '0', '10286', '0', '0', '0'),
 (@Engineering, '0', '10285', '0', '0', '0'),
 (@Engineering, '0', '10026', '0', '0', '0'),
 (@Engineering, '0', '9060', '0', '0', '0'),
 (@Engineering, '0', '8151', '0', '0', '0'),
 (@Engineering, '0', '7912', '0', '0', '0'),
 (@Engineering, '0', '7909', '0', '0', '0'),
 (@Engineering, '0', '7387', '0', '0', '0'),
 (@Engineering, '0', '7191', '0', '0', '0'),
 (@Engineering, '0', '7082', '0', '0', '0'),
 (@Engineering, '0', '7078', '0', '0', '0'),
 (@Engineering, '0', '7076', '0', '0', '0'),
 (@Engineering, '0', '7075', '0', '0', '0'),
 (@Engineering, '0', '7005', '0', '0', '0'),
 (@Engineering, '0', '6530', '0', '0', '0'),
 (@Engineering, '0', '6260', '0', '0', '0'),
 (@Engineering, '0', '5956', '0', '0', '0'),
 (@Engineering, '0', '4470', '0', '0', '0'),
 (@Engineering, '0', '4407', '0', '0', '0'),
 (@Engineering, '0', '4404', '0', '0', '0'),
 (@Engineering, '0', '4402', '0', '0', '0'),
 (@Engineering, '0', '4400', '0', '0', '0'),
 (@Engineering, '0', '4399', '0', '0', '0'),
 (@Engineering, '0', '4387', '0', '0', '0'),
 (@Engineering, '0', '4385', '0', '0', '0'),
 (@Engineering, '0', '4382', '0', '0', '0'),
 (@Engineering, '0', '4377', '0', '0', '0'),
 (@Engineering, '0', '4368', '0', '0', '0'),
 (@Engineering, '0', '4364', '0', '0', '0'),
 (@Engineering, '0', '4361', '0', '0', '0'),
 (@Engineering, '0', '4359', '0', '0', '0'),
 (@Engineering, '0', '4357', '0', '0', '0'),
 (@Engineering, '0', '4342', '0', '0', '0'),
 (@Engineering, '0', '4339', '0', '0', '0'),
 (@Engineering, '0', '4337', '0', '0', '0'),
 (@Engineering, '0', '3864', '0', '0', '0'),
 (@Engineering, '0', '3859', '0', '0', '0'),
 (@Engineering, '0', '2901', '0', '0', '0'),
 (@Engineering, '0', '2880', '0', '0', '0'),
 (@Engineering, '0', '2841', '0', '0', '0'),
 (@Engineering, '0', '2838', '0', '0', '0'),
 (@Engineering, '0', '2836', '0', '0', '0'),
 (@Engineering, '0', '2835', '0', '0', '0'),
 (@Engineering, '0', '2605', '0', '0', '0'),
 (@Engineering, '0', '2604', '0', '0', '0'),
 (@Engineering, '0', '1705', '0', '0', '0'),
 (@Engineering, '0', '1210', '0', '0', '0'),
 (@Engineering, '0', '1206', '0', '0', '0'),
 (@Engineering, '0', '818', '0', '0', '0'),
 (@Engineering, '0', '774', '0', '0', '0'),
 (@Inscription, '0', '43127', '0', '0', '0'),
 (@Inscription, '0', '43126', '0', '0', '0'),
 (@Inscription, '0', '43125', '0', '0', '0'),
 (@Inscription, '0', '43124', '0', '0', '0'),
 (@Inscription, '0', '43123', '0', '0', '0'),
 (@Inscription, '0', '43122', '0', '0', '0'),
 (@Inscription, '0', '43121', '0', '0', '0'),
 (@Inscription, '0', '43120', '0', '0', '0'),
 (@Inscription, '0', '43119', '0', '0', '0'),
 (@Inscription, '0', '43118', '0', '0', '0'),
 (@Inscription, '0', '43117', '0', '0', '0'),
 (@Inscription, '0', '43116', '0', '0', '0'),
 (@Inscription, '0', '43115', '0', '0', '0'),
 (@Inscription, '0', '43109', '0', '0', '0'),
 (@Inscription, '0', '43108', '0', '0', '0'),
 (@Inscription, '0', '43107', '0', '0', '0'),
 (@Inscription, '0', '43106', '0', '0', '0'),
 (@Inscription, '0', '43105', '0', '0', '0'),
 (@Inscription, '0', '43104', '0', '0', '0'),
 (@Inscription, '0', '43103', '0', '0', '0'),
 (@Inscription, '0', '43102', '0', '0', '0'),
 (@Inscription, '0', '39774', '0', '0', '0'),
 (@Inscription, '0', '39502', '0', '0', '0'),
 (@Inscription, '0', '39501', '0', '0', '0'),
 (@Inscription, '0', '39469', '0', '0', '0'),
 (@Inscription, '0', '39354', '0', '0', '0'),
 (@Inscription, '0', '39343', '0', '0', '0'),
 (@Inscription, '0', '39342', '0', '0', '0'),
 (@Inscription, '0', '39341', '0', '0', '0'),
 (@Inscription, '0', '39340', '0', '0', '0'),
 (@Inscription, '0', '39339', '0', '0', '0'),
 (@Inscription, '0', '39338', '0', '0', '0'),
 (@Inscription, '0', '39334', '0', '0', '0'),
 (@Inscription, '0', '39151', '0', '0', '0'),
 (@Inscription, '0', '37101', '0', '0', '0'),
 (@Inscription, '0', '27503', '0', '0', '0'),
 (@Inscription, '0', '10648', '0', '0', '0'),
 (@Jewelcrafting, '0', '43102', '0', '0', '0'),
 (@Jewelcrafting, '0', '42225', '0', '0', '0'),
 (@Jewelcrafting, '0', '41334', '0', '0', '0'),
 (@Jewelcrafting, '0', '41266', '0', '0', '0'),
 (@Jewelcrafting, '0', '41163', '0', '0', '0'),
 (@Jewelcrafting, '0', '36934', '0', '0', '0'),
 (@Jewelcrafting, '0', '36933', '0', '0', '0'),
 (@Jewelcrafting, '0', '36931', '0', '0', '0'),
 (@Jewelcrafting, '0', '36930', '0', '0', '0'),
 (@Jewelcrafting, '0', '36928', '0', '0', '0'),
 (@Jewelcrafting, '0', '36927', '0', '0', '0'),
 (@Jewelcrafting, '0', '36925', '0', '0', '0'),
 (@Jewelcrafting, '0', '36924', '0', '0', '0'),
 (@Jewelcrafting, '0', '36922', '0', '0', '0'),
 (@Jewelcrafting, '0', '36921', '0', '0', '0'),
 (@Jewelcrafting, '0', '36920', '0', '0', '0'),
 (@Jewelcrafting, '0', '36919', '0', '0', '0'),
 (@Jewelcrafting, '0', '36918', '0', '0', '0'),
 (@Jewelcrafting, '0', '36917', '0', '0', '0'),
 (@Jewelcrafting, '0', '36784', '0', '0', '0'),
 (@Jewelcrafting, '0', '36783', '0', '0', '0'),
 (@Jewelcrafting, '0', '35128', '0', '0', '0'),
 (@Jewelcrafting, '0', '34664', '0', '0', '0'),
 (@Jewelcrafting, '0', '34054', '0', '0', '0'),
 (@Jewelcrafting, '0', '34052', '0', '0', '0'),
 (@Jewelcrafting, '0', '32249', '0', '0', '0'),
 (@Jewelcrafting, '0', '32231', '0', '0', '0'),
 (@Jewelcrafting, '0', '32230', '0', '0', '0'),
 (@Jewelcrafting, '0', '32229', '0', '0', '0'),
 (@Jewelcrafting, '0', '32228', '0', '0', '0'),
 (@Jewelcrafting, '0', '32227', '0', '0', '0'),
 (@Jewelcrafting, '0', '31079', '0', '0', '0'),
 (@Jewelcrafting, '0', '27860', '0', '0', '0'),
 (@Jewelcrafting, '0', '25868', '0', '0', '0'),
 (@Jewelcrafting, '0', '25867', '0', '0', '0'),
 (@Jewelcrafting, '0', '24479', '0', '0', '0'),
 (@Jewelcrafting, '0', '24478', '0', '0', '0'),
 (@Jewelcrafting, '0', '24243', '0', '0', '0'),
 (@Jewelcrafting, '0', '23573', '0', '0', '0'),
 (@Jewelcrafting, '0', '23449', '0', '0', '0'),
 (@Jewelcrafting, '0', '23447', '0', '0', '0'),
 (@Jewelcrafting, '0', '23446', '0', '0', '0'),
 (@Jewelcrafting, '0', '23441', '0', '0', '0'),
 (@Jewelcrafting, '0', '23440', '0', '0', '0'),
 (@Jewelcrafting, '0', '23439', '0', '0', '0'),
 (@Jewelcrafting, '0', '23438', '0', '0', '0'),
 (@Jewelcrafting, '0', '23437', '0', '0', '0'),
 (@Jewelcrafting, '0', '23436', '0', '0', '0'),
 (@Jewelcrafting, '0', '23117', '0', '0', '0'),
 (@Jewelcrafting, '0', '23112', '0', '0', '0'),
 (@Jewelcrafting, '0', '23107', '0', '0', '0'),
 (@Jewelcrafting, '0', '23079', '0', '0', '0'),
 (@Jewelcrafting, '0', '23077', '0', '0', '0'),
 (@Jewelcrafting, '0', '21929', '0', '0', '0'),
 (@Jewelcrafting, '0', '21752', '0', '0', '0'),
 (@Jewelcrafting, '0', '20963', '0', '0', '0'),
 (@Jewelcrafting, '0', '20817', '0', '0', '0'),
 (@Jewelcrafting, '0', '20816', '0', '0', '0'),
 (@Jewelcrafting, '0', '18335', '0', '0', '0'),
 (@Jewelcrafting, '0', '12938', '0', '0', '0'),
 (@Jewelcrafting, '0', '12808', '0', '0', '0'),
 (@Jewelcrafting, '0', '12803', '0', '0', '0'),
 (@Jewelcrafting, '0', '12799', '0', '0', '0'),
 (@Jewelcrafting, '0', '12662', '0', '0', '0'),
 (@Jewelcrafting, '0', '12365', '0', '0', '0'),
 (@Jewelcrafting, '0', '12364', '0', '0', '0'),
 (@Jewelcrafting, '0', '11178', '0', '0', '0'),
 (@Jewelcrafting, '0', '11137', '0', '0', '0'),
 (@Jewelcrafting, '0', '11083', '0', '0', '0'),
 (@Jewelcrafting, '0', '10286', '0', '0', '0'),
 (@Jewelcrafting, '0', '8151', '0', '0', '0'),
 (@Jewelcrafting, '0', '7971', '0', '0', '0'),
 (@Jewelcrafting, '0', '7912', '0', '0', '0'),
 (@Jewelcrafting, '0', '7909', '0', '0', '0'),
 (@Jewelcrafting, '0', '7082', '0', '0', '0'),
 (@Jewelcrafting, '0', '7081', '0', '0', '0'),
 (@Jewelcrafting, '0', '7078', '0', '0', '0'),
 (@Jewelcrafting, '0', '7076', '0', '0', '0'),
 (@Jewelcrafting, '0', '7075', '0', '0', '0'),
 (@Jewelcrafting, '0', '6149', '0', '0', '0'),
 (@Jewelcrafting, '0', '5637', '0', '0', '0'),
 (@Jewelcrafting, '0', '5498', '0', '0', '0'),
 (@Jewelcrafting, '0', '3864', '0', '0', '0'),
 (@Jewelcrafting, '0', '3824', '0', '0', '0'),
 (@Jewelcrafting, '0', '3391', '0', '0', '0'),
 (@Jewelcrafting, '0', '2841', '0', '0', '0'),
 (@Jewelcrafting, '0', '2838', '0', '0', '0'),
 (@Jewelcrafting, '0', '2836', '0', '0', '0'),
 (@Jewelcrafting, '0', '2835', '0', '0', '0'),
 (@Jewelcrafting, '0', '1705', '0', '0', '0'),
 (@Jewelcrafting, '0', '1210', '0', '0', '0'),
 (@Jewelcrafting, '0', '1206', '0', '0', '0'),
 (@Jewelcrafting, '0', '818', '0', '0', '0'),
 (@Jewelcrafting, '0', '774', '0', '0', '0'),
 (@Leatherworking, '0', '47556', '0', '0', '0'),
 (@Leatherworking, '0', '45087', '0', '0', '0'),
 (@Leatherworking, '0', '44128', '0', '0', '0'),
 (@Leatherworking, '0', '43102', '0', '0', '0'),
 (@Leatherworking, '0', '38561', '0', '0', '0'),
 (@Leatherworking, '0', '38558', '0', '0', '0'),
 (@Leatherworking, '0', '38557', '0', '0', '0'),
 (@Leatherworking, '0', '38425', '0', '0', '0'),
 (@Leatherworking, '0', '34664', '0', '0', '0'),
 (@Leatherworking, '0', '34057', '0', '0', '0'),
 (@Leatherworking, '0', '34055', '0', '0', '0'),
 (@Leatherworking, '0', '33568', '0', '0', '0'),
 (@Leatherworking, '0', '33567', '0', '0', '0'),
 (@Leatherworking, '0', '32428', '0', '0', '0'),
 (@Leatherworking, '0', '30183', '0', '0', '0'),
 (@Leatherworking, '0', '29548', '0', '0', '0'),
 (@Leatherworking, '0', '29547', '0', '0', '0'),
 (@Leatherworking, '0', '29539', '0', '0', '0'),
 (@Leatherworking, '0', '25708', '0', '0', '0'),
 (@Leatherworking, '0', '25707', '0', '0', '0'),
 (@Leatherworking, '0', '25700', '0', '0', '0'),
 (@Leatherworking, '0', '25699', '0', '0', '0'),
 (@Leatherworking, '0', '25649', '0', '0', '0'),
 (@Leatherworking, '0', '23793', '0', '0', '0'),
 (@Leatherworking, '0', '22450', '0', '0', '0'),
 (@Leatherworking, '0', '22448', '0', '0', '0'),
 (@Leatherworking, '0', '22445', '0', '0', '0'),
 (@Leatherworking, '0', '21844', '0', '0', '0'),
 (@Leatherworking, '0', '20501', '0', '0', '0'),
 (@Leatherworking, '0', '20500', '0', '0', '0'),
 (@Leatherworking, '0', '20498', '0', '0', '0'),
 (@Leatherworking, '0', '20381', '0', '0', '0'),
 (@Leatherworking, '0', '19726', '0', '0', '0'),
 (@Leatherworking, '0', '18512', '0', '0', '0'),
 (@Leatherworking, '0', '18240', '0', '0', '0'),
 (@Leatherworking, '0', '17056', '0', '0', '0'),
 (@Leatherworking, '0', '15419', '0', '0', '0'),
 (@Leatherworking, '0', '15417', '0', '0', '0'),
 (@Leatherworking, '0', '15415', '0', '0', '0'),
 (@Leatherworking, '0', '15414', '0', '0', '0'),
 (@Leatherworking, '0', '15412', '0', '0', '0'),
 (@Leatherworking, '0', '15410', '0', '0', '0'),
 (@Leatherworking, '0', '15409', '0', '0', '0'),
 (@Leatherworking, '0', '14341', '0', '0', '0'),
 (@Leatherworking, '0', '14044', '0', '0', '0'),
 (@Leatherworking, '0', '12809', '0', '0', '0'),
 (@Leatherworking, '0', '12803', '0', '0', '0'),
 (@Leatherworking, '0', '12607', '0', '0', '0'),
 (@Leatherworking, '0', '10285', '0', '0', '0'),
 (@Leatherworking, '0', '8951', '0', '0', '0'),
 (@Leatherworking, '0', '8949', '0', '0', '0'),
 (@Leatherworking, '0', '8343', '0', '0', '0'),
 (@Leatherworking, '0', '8172', '0', '0', '0'),
 (@Leatherworking, '0', '8171', '0', '0', '0'),
 (@Leatherworking, '0', '8169', '0', '0', '0'),
 (@Leatherworking, '0', '8167', '0', '0', '0'),
 (@Leatherworking, '0', '8154', '0', '0', '0'),
 (@Leatherworking, '0', '8151', '0', '0', '0'),
 (@Leatherworking, '0', '7971', '0', '0', '0'),
 (@Leatherworking, '0', '7392', '0', '0', '0'),
 (@Leatherworking, '0', '7387', '0', '0', '0'),
 (@Leatherworking, '0', '7287', '0', '0', '0'),
 (@Leatherworking, '0', '7286', '0', '0', '0'),
 (@Leatherworking, '0', '7082', '0', '0', '0'),
 (@Leatherworking, '0', '7081', '0', '0', '0'),
 (@Leatherworking, '0', '7078', '0', '0', '0'),
 (@Leatherworking, '0', '7076', '0', '0', '0'),
 (@Leatherworking, '0', '7075', '0', '0', '0'),
 (@Leatherworking, '0', '7071', '0', '0', '0'),
 (@Leatherworking, '0', '6471', '0', '0', '0'),
 (@Leatherworking, '0', '6470', '0', '0', '0'),
 (@Leatherworking, '0', '5966', '0', '0', '0'),
 (@Leatherworking, '0', '5785', '0', '0', '0'),
 (@Leatherworking, '0', '5784', '0', '0', '0'),
 (@Leatherworking, '0', '5637', '0', '0', '0'),
 (@Leatherworking, '0', '5633', '0', '0', '0'),
 (@Leatherworking, '0', '5500', '0', '0', '0'),
 (@Leatherworking, '0', '5498', '0', '0', '0'),
 (@Leatherworking, '0', '5373', '0', '0', '0'),
 (@Leatherworking, '0', '5082', '0', '0', '0'),
 (@Leatherworking, '0', '4461', '0', '0', '0'),
 (@Leatherworking, '0', '4342', '0', '0', '0'),
 (@Leatherworking, '0', '4340', '0', '0', '0'),
 (@Leatherworking, '0', '4337', '0', '0', '0'),
 (@Leatherworking, '0', '4305', '0', '0', '0'),
 (@Leatherworking, '0', '4291', '0', '0', '0'),
 (@Leatherworking, '0', '4289', '0', '0', '0'),
 (@Leatherworking, '0', '4255', '0', '0', '0'),
 (@Leatherworking, '0', '4246', '0', '0', '0'),
 (@Leatherworking, '0', '4243', '0', '0', '0'),
 (@Leatherworking, '0', '4236', '0', '0', '0'),
 (@Leatherworking, '0', '4235', '0', '0', '0'),
 (@Leatherworking, '0', '4233', '0', '0', '0'),
 (@Leatherworking, '0', '4232', '0', '0', '0'),
 (@Leatherworking, '0', '4231', '0', '0', '0'),
 (@Leatherworking, '0', '4096', '0', '0', '0'),
 (@Leatherworking, '0', '3864', '0', '0', '0'),
 (@Leatherworking, '0', '3824', '0', '0', '0'),
 (@Leatherworking, '0', '3390', '0', '0', '0'),
 (@Leatherworking, '0', '3389', '0', '0', '0'),
 (@Leatherworking, '0', '3383', '0', '0', '0'),
 (@Leatherworking, '0', '3356', '0', '0', '0'),
 (@Leatherworking, '0', '3182', '0', '0', '0'),
 (@Leatherworking, '0', '2934', '0', '0', '0'),
 (@Leatherworking, '0', '2605', '0', '0', '0'),
 (@Leatherworking, '0', '2604', '0', '0', '0'),
 (@Leatherworking, '0', '2459', '0', '0', '0'),
 (@Leatherworking, '0', '2457', '0', '0', '0'),
 (@Leatherworking, '0', '2325', '0', '0', '0'),
 (@Leatherworking, '0', '2324', '0', '0', '0'),
 (@Leatherworking, '0', '2320', '0', '0', '0'),
 (@Leatherworking, '0', '1206', '0', '0', '0'),
 (@Leatherworking, '0', '783', '0', '0', '0'),
 (@Tailoring, '0', '47556', '0', '0', '0'),
 (@Tailoring, '0', '45087', '0', '0', '0'),
 (@Tailoring, '0', '43102', '0', '0', '0'),
 (@Tailoring, '0', '42253', '0', '0', '0'),
 (@Tailoring, '0', '41595', '0', '0', '0'),
 (@Tailoring, '0', '41594', '0', '0', '0'),
 (@Tailoring, '0', '41593', '0', '0', '0'),
 (@Tailoring, '0', '41520', '0', '0', '0'),
 (@Tailoring, '0', '41511', '0', '0', '0'),
 (@Tailoring, '0', '41510', '0', '0', '0'),
 (@Tailoring, '0', '38426', '0', '0', '0'),
 (@Tailoring, '0', '38425', '0', '0', '0'),
 (@Tailoring, '0', '36934', '0', '0', '0'),
 (@Tailoring, '0', '36930', '0', '0', '0'),
 (@Tailoring, '0', '36925', '0', '0', '0'),
 (@Tailoring, '0', '36922', '0', '0', '0'),
 (@Tailoring, '0', '36919', '0', '0', '0'),
 (@Tailoring, '0', '36908', '0', '0', '0'),
 (@Tailoring, '0', '36784', '0', '0', '0'),
 (@Tailoring, '0', '36783', '0', '0', '0'),
 (@Tailoring, '0', '34664', '0', '0', '0'),
 (@Tailoring, '0', '34054', '0', '0', '0'),
 (@Tailoring, '0', '34052', '0', '0', '0'),
 (@Tailoring, '0', '33470', '0', '0', '0'),
 (@Tailoring, '0', '32428', '0', '0', '0'),
 (@Tailoring, '0', '30183', '0', '0', '0'),
 (@Tailoring, '0', '24272', '0', '0', '0'),
 (@Tailoring, '0', '24271', '0', '0', '0'),
 (@Tailoring, '0', '23112', '0', '0', '0'),
 (@Tailoring, '0', '22794', '0', '0', '0'),
 (@Tailoring, '0', '22450', '0', '0', '0'),
 (@Tailoring, '0', '22446', '0', '0', '0'),
 (@Tailoring, '0', '22445', '0', '0', '0'),
 (@Tailoring, '0', '21882', '0', '0', '0'),
 (@Tailoring, '0', '21881', '0', '0', '0'),
 (@Tailoring, '0', '21877', '0', '0', '0'),
 (@Tailoring, '0', '21844', '0', '0', '0'),
 (@Tailoring, '0', '21842', '0', '0', '0'),
 (@Tailoring, '0', '21840', '0', '0', '0'),
 (@Tailoring, '0', '19726', '0', '0', '0'),
 (@Tailoring, '0', '18240', '0', '0', '0'),
 (@Tailoring, '0', '14341', '0', '0', '0'),
 (@Tailoring, '0', '14044', '0', '0', '0'),
 (@Tailoring, '0', '13926', '0', '0', '0'),
 (@Tailoring, '0', '13468', '0', '0', '0'),
 (@Tailoring, '0', '12811', '0', '0', '0'),
 (@Tailoring, '0', '12809', '0', '0', '0'),
 (@Tailoring, '0', '12808', '0', '0', '0'),
 (@Tailoring, '0', '12803', '0', '0', '0'),
 (@Tailoring, '0', '12662', '0', '0', '0'),
 (@Tailoring, '0', '12364', '0', '0', '0'),
 (@Tailoring, '0', '11176', '0', '0', '0'),
 (@Tailoring, '0', '11137', '0', '0', '0'),
 (@Tailoring, '0', '10290', '0', '0', '0'),
 (@Tailoring, '0', '10286', '0', '0', '0'),
 (@Tailoring, '0', '10285', '0', '0', '0'),
 (@Tailoring, '0', '10026', '0', '0', '0'),
 (@Tailoring, '0', '9210', '0', '0', '0'),
 (@Tailoring, '0', '8343', '0', '0', '0'),
 (@Tailoring, '0', '7971', '0', '0', '0'),
 (@Tailoring, '0', '7082', '0', '0', '0'),
 (@Tailoring, '0', '7078', '0', '0', '0'),
 (@Tailoring, '0', '7076', '0', '0', '0'),
 (@Tailoring, '0', '7072', '0', '0', '0'),
 (@Tailoring, '0', '7071', '0', '0', '0'),
 (@Tailoring, '0', '6371', '0', '0', '0'),
 (@Tailoring, '0', '6261', '0', '0', '0'),
 (@Tailoring, '0', '6260', '0', '0', '0'),
 (@Tailoring, '0', '6048', '0', '0', '0'),
 (@Tailoring, '0', '5500', '0', '0', '0'),
 (@Tailoring, '0', '5498', '0', '0', '0'),
 (@Tailoring, '0', '4342', '0', '0', '0'),
 (@Tailoring, '0', '4341', '0', '0', '0'),
 (@Tailoring, '0', '4340', '0', '0', '0'),
 (@Tailoring, '0', '4339', '0', '0', '0'),
 (@Tailoring, '0', '4337', '0', '0', '0'),
 (@Tailoring, '0', '4305', '0', '0', '0'),
 (@Tailoring, '0', '4291', '0', '0', '0'),
 (@Tailoring, '0', '3864', '0', '0', '0'),
 (@Tailoring, '0', '3824', '0', '0', '0'),
 (@Tailoring, '0', '3383', '0', '0', '0'),
 (@Tailoring, '0', '3182', '0', '0', '0'),
 (@Tailoring, '0', '2996', '0', '0', '0'),
 (@Tailoring, '0', '2605', '0', '0', '0'),
 (@Tailoring, '0', '2604', '0', '0', '0'),
 (@Tailoring, '0', '2325', '0', '0', '0'),
 (@Tailoring, '0', '2324', '0', '0', '0'),
 (@Tailoring, '0', '2320', '0', '0', '0'),
 (@Cooking, '0', '46797', '0', '0', '0'),
 (@Cooking, '0', '46796', '0', '0', '0'),
 (@Cooking, '0', '46793', '0', '0', '0'),
 (@Cooking, '0', '46784', '0', '0', '0'),
 (@Cooking, '0', '44855', '0', '0', '0'),
 (@Cooking, '0', '44854', '0', '0', '0'),
 (@Cooking, '0', '44853', '0', '0', '0'),
 (@Cooking, '0', '44835', '0', '0', '0'),
 (@Cooking, '0', '44834', '0', '0', '0'),
 (@Cooking, '0', '43501', '0', '0', '0'),
 (@Cooking, '0', '43012', '0', '0', '0'),
 (@Cooking, '0', '43011', '0', '0', '0'),
 (@Cooking, '0', '43010', '0', '0', '0'),
 (@Cooking, '0', '43009', '0', '0', '0'),
 (@Cooking, '0', '43007', '0', '0', '0'),
 (@Cooking, '0', '41813', '0', '0', '0'),
 (@Cooking, '0', '41812', '0', '0', '0'),
 (@Cooking, '0', '41810', '0', '0', '0'),
 (@Cooking, '0', '41809', '0', '0', '0'),
 (@Cooking, '0', '41808', '0', '0', '0'),
 (@Cooking, '0', '41807', '0', '0', '0'),
 (@Cooking, '0', '41806', '0', '0', '0'),
 (@Cooking, '0', '41805', '0', '0', '0'),
 (@Cooking, '0', '41803', '0', '0', '0'),
 (@Cooking, '0', '41802', '0', '0', '0'),
 (@Cooking, '0', '41801', '0', '0', '0'),
 (@Cooking, '0', '41800', '0', '0', '0'),
 (@Cooking, '0', '36782', '0', '0', '0'),
 (@Cooking, '0', '35949', '0', '0', '0'),
 (@Cooking, '0', '35948', '0', '0', '0'),
 (@Cooking, '0', '35562', '0', '0', '0'),
 (@Cooking, '0', '34736', '0', '0', '0'),
 (@Cooking, '0', '34412', '0', '0', '0'),
 (@Cooking, '0', '33824', '0', '0', '0'),
 (@Cooking, '0', '33823', '0', '0', '0'),
 (@Cooking, '0', '31671', '0', '0', '0'),
 (@Cooking, '0', '30816', '0', '0', '0'),
 (@Cooking, '0', '27682', '0', '0', '0'),
 (@Cooking, '0', '27681', '0', '0', '0'),
 (@Cooking, '0', '27678', '0', '0', '0'),
 (@Cooking, '0', '27677', '0', '0', '0'),
 (@Cooking, '0', '27676', '0', '0', '0'),
 (@Cooking, '0', '27674', '0', '0', '0'),
 (@Cooking, '0', '27671', '0', '0', '0'),
 (@Cooking, '0', '27669', '0', '0', '0'),
 (@Cooking, '0', '27668', '0', '0', '0'),
 (@Cooking, '0', '27516', '0', '0', '0'),
 (@Cooking, '0', '27515', '0', '0', '0'),
 (@Cooking, '0', '27439', '0', '0', '0'),
 (@Cooking, '0', '27438', '0', '0', '0'),
 (@Cooking, '0', '27437', '0', '0', '0'),
 (@Cooking, '0', '27435', '0', '0', '0'),
 (@Cooking, '0', '27429', '0', '0', '0'),
 (@Cooking, '0', '27425', '0', '0', '0'),
 (@Cooking, '0', '27422', '0', '0', '0'),
 (@Cooking, '0', '24477', '0', '0', '0'),
 (@Cooking, '0', '22577', '0', '0', '0'),
 (@Cooking, '0', '21153', '0', '0', '0'),
 (@Cooking, '0', '21071', '0', '0', '0'),
 (@Cooking, '0', '21024', '0', '0', '0'),
 (@Cooking, '0', '20424', '0', '0', '0'),
 (@Cooking, '0', '18255', '0', '0', '0'),
 (@Cooking, '0', '17196', '0', '0', '0'),
 (@Cooking, '0', '17194', '0', '0', '0'),
 (@Cooking, '0', '13893', '0', '0', '0'),
 (@Cooking, '0', '13889', '0', '0', '0'),
 (@Cooking, '0', '13888', '0', '0', '0'),
 (@Cooking, '0', '13760', '0', '0', '0'),
 (@Cooking, '0', '13759', '0', '0', '0'),
 (@Cooking, '0', '13758', '0', '0', '0'),
 (@Cooking, '0', '13757', '0', '0', '0'),
 (@Cooking, '0', '13756', '0', '0', '0'),
 (@Cooking, '0', '13755', '0', '0', '0'),
 (@Cooking, '0', '13754', '0', '0', '0'),
 (@Cooking, '0', '12808', '0', '0', '0'),
 (@Cooking, '0', '12223', '0', '0', '0'),
 (@Cooking, '0', '12208', '0', '0', '0'),
 (@Cooking, '0', '12206', '0', '0', '0'),
 (@Cooking, '0', '12205', '0', '0', '0'),
 (@Cooking, '0', '12204', '0', '0', '0'),
 (@Cooking, '0', '12203', '0', '0', '0'),
 (@Cooking, '0', '12202', '0', '0', '0'),
 (@Cooking, '0', '12184', '0', '0', '0'),
 (@Cooking, '0', '12037', '0', '0', '0'),
 (@Cooking, '0', '8365', '0', '0', '0'),
 (@Cooking, '0', '6889', '0', '0', '0'),
 (@Cooking, '0', '6522', '0', '0', '0'),
 (@Cooking, '0', '6362', '0', '0', '0'),
 (@Cooking, '0', '6361', '0', '0', '0'),
 (@Cooking, '0', '6317', '0', '0', '0'),
 (@Cooking, '0', '6308', '0', '0', '0'),
 (@Cooking, '0', '6303', '0', '0', '0'),
 (@Cooking, '0', '6291', '0', '0', '0'),
 (@Cooking, '0', '6289', '0', '0', '0'),
 (@Cooking, '0', '5504', '0', '0', '0'),
 (@Cooking, '0', '5503', '0', '0', '0'),
 (@Cooking, '0', '5471', '0', '0', '0'),
 (@Cooking, '0', '5470', '0', '0', '0'),
 (@Cooking, '0', '5468', '0', '0', '0'),
 (@Cooking, '0', '5467', '0', '0', '0'),
 (@Cooking, '0', '5466', '0', '0', '0'),
 (@Cooking, '0', '4655', '0', '0', '0'),
 (@Cooking, '0', '4603', '0', '0', '0'),
 (@Cooking, '0', '4402', '0', '0', '0'),
 (@Cooking, '0', '3821', '0', '0', '0'),
 (@Cooking, '0', '3731', '0', '0', '0'),
 (@Tailoring, '0', '2589', '0', '0', '0'),
 (@Tailoring, '0', '2592', '0', '0', '0'),
 (@Tailoring, '0', '4306', '0', '0', '0'),
 (@Tailoring, '0', '4338', '0', '0', '0'),
 (@Tailoring, '0', '14047', '0', '0', '0'),
 (@Tailoring, '0', '14256', '0', '0', '0'),
 (@Tailoring, '0', '22457', '0', '0', '0'),
 (@Tailoring, '0', '21884', '0', '0', '0'),
 (@Tailoring, '0', '22456', '0', '0', '0'),
 (@Tailoring, '0', '21886', '0', '0', '0'),
 (@Tailoring, '0', '21885', '0', '0', '0'),
 (@Tailoring, '0', '36860', '0', '0', '0'),
 (@Tailoring, '0', '35625', '0', '0', '0'),
 (@Tailoring, '0', '35627', '0', '0', '0'),
 (@Alchemy, '0', '37921', '0', '0', '0'),
 (@Alchemy, '0', '35625', '0', '0', '0'),
 (@Alchemy, '0', '40195', '0', '0', '0'),
 (@Alchemy, '0', '22456', '0', '0', '0'),
 (@Alchemy, '0', '22451', '0', '0', '0'),
 (@Alchemy, '0', '21886', '0', '0', '0'),
 (@Alchemy, '0', '21884', '0', '0', '0'),
 (@Alchemy, '0', '41814', '0', '0', '0'),
 (@Alchemy, '0', '40199', '0', '0', '0'),
 (@Alchemy, '0', '23571', '0', '0', '0'),
 (@Blacksmithing, '0', '6037', '0', '0', '0'),
 (@Blacksmithing, '0', '3860', '0', '0', '0'),
 (@Blacksmithing, '0', '3577', '0', '0', '0'),
 (@Blacksmithing, '0', '3575', '0', '0', '0'),
 (@Blacksmithing, '0', '2842', '0', '0', '0'),
 (@Blacksmithing, '0', '12360', '0', '0', '0'),
 (@Blacksmithing, '0', '23445', '0', '0', '0'),
 (@Blacksmithing, '0', '12655', '0', '0', '0'),
 (@Blacksmithing, '0', '35624', '0', '0', '0'),
 (@Blacksmithing, '0', '35622', '0', '0', '0'),
 (@Blacksmithing, '0', '36860', '0', '0', '0'),
 (@Blacksmithing, '0', '35627', '0', '0', '0'),
 (@Blacksmithing, '0', '35623', '0', '0', '0'),
 (@Blacksmithing, '0', '35625', '0', '0', '0'),
 (@Blacksmithing, '0', '21884', '0', '0', '0'),
 (@Blacksmithing, '0', '22451', '0', '0', '0'),
 (@Blacksmithing, '0', '22456', '0', '0', '0'),
 (@Blacksmithing, '0', '23572', '0', '0', '0'),
 (@Blacksmithing, '0', '21885', '0', '0', '0'),
 (@Blacksmithing, '0', '21886', '0', '0', '0'),
 (@Blacksmithing, '0', '23571', '0', '0', '0'),
 (@Blacksmithing, '0', '23448', '0', '0', '0'),
 (@Blacksmithing, '0', '22452', '0', '0', '0'),
 (@Blacksmithing, '0', '7080', '0', '0', '0'),
 (@Blacksmithing, '0', '22682', '0', '0', '0'),
 (@Blacksmithing, '0', '17010', '0', '0', '0'),
 (@Blacksmithing, '0', '17011', '0', '0', '0'),
 (@Blacksmithing, '0', '17012', '0', '0', '0'),
 (@Blacksmithing, '0', '11382', '0', '0', '0'),
 (@Blacksmithing, '0', '11371', '0', '0', '0'),
 (@Blacksmithing, '0', '12359', '0', '0', '0'),
 (@Blacksmithing, '0', '12800', '0', '0', '0'),
 (@Blacksmithing, '0', '17203', '0', '0', '0'),
 (@Jewelcrafting, '0', '2840', '0', '0', '0'),
 (@Jewelcrafting, '0', '2842', '0', '0', '0'),
 (@Jewelcrafting, '0', '3575', '0', '0', '0'),
 (@Jewelcrafting, '0', '3577', '0', '0', '0'),
 (@Jewelcrafting, '0', '1529', '0', '0', '0'),
 (@Jewelcrafting, '0', '6037', '0', '0', '0'),
 (@Jewelcrafting, '0', '7067', '0', '0', '0'),
 (@Jewelcrafting, '0', '7910', '0', '0', '0'),
 (@Jewelcrafting, '0', '3860', '0', '0', '0'),
 (@Jewelcrafting, '0', '7070', '0', '0', '0'),
 (@Jewelcrafting, '0', '7079', '0', '0', '0'),
 (@Jewelcrafting, '0', '7077', '0', '0', '0'),
 (@Jewelcrafting, '0', '8152', '0', '0', '0'),
 (@Jewelcrafting, '0', '12800', '0', '0', '0'),
 (@Jewelcrafting, '0', '12361', '0', '0', '0'),
 (@Jewelcrafting, '0', '12804', '0', '0', '0'),
 (@Jewelcrafting, '0', '12360', '0', '0', '0'),
 (@Jewelcrafting, '0', '12359', '0', '0', '0'),
 (@Jewelcrafting, '0', '12363', '0', '0', '0'),
 (@Jewelcrafting, '0', '11371', '0', '0', '0'),
 (@Jewelcrafting, '0', '11754', '0', '0', '0'),
 (@Jewelcrafting, '0', '23445', '0', '0', '0'),
 (@Jewelcrafting, '0', '22578', '0', '0', '0'),
 (@Jewelcrafting, '0', '23448', '0', '0', '0'),
 (@Jewelcrafting, '0', '22456', '0', '0', '0'),
 (@Jewelcrafting, '0', '21884', '0', '0', '0'),
 (@Jewelcrafting, '0', '21885', '0', '0', '0'),
 (@Jewelcrafting, '0', '22457', '0', '0', '0'),
 (@Jewelcrafting, '0', '21886', '0', '0', '0'),
 (@Jewelcrafting, '0', '22452', '0', '0', '0'),
 (@Jewelcrafting, '0', '23571', '0', '0', '0'),
 (@Jewelcrafting, '0', '23572', '0', '0', '0'),
 (@Jewelcrafting, '0', '22451', '0', '0', '0'),
 (@Jewelcrafting, '0', '37701', '0', '0', '0'),
 (@Jewelcrafting, '0', '35624', '0', '0', '0'),
 (@Jewelcrafting, '0', '35627', '0', '0', '0'),
 (@Jewelcrafting, '0', '35623', '0', '0', '0'),
 (@Jewelcrafting, '0', '36860', '0', '0', '0'),
 (@Jewelcrafting, '0', '35622', '0', '0', '0'),
 (@Leatherworking, '0', '2318', '0', '0', '0'),
 (@Leatherworking, '0', '2319', '0', '0', '0'),
 (@Leatherworking, '0', '4304', '0', '0', '0'),
 (@Leatherworking, '0', '21887', '0', '0', '0'),
 (@Leatherworking, '0', '8170', '0', '0', '0');




REPLACE INTO creature (guid, id, map, spawnMask, phaseMask, modelid, equipment_id, position_x, position_y, position_z, orientation, spawntimesecs, spawndist, currentwaypoint, curhealth, curmana, MovementType, npcflag, unit_flags, dynamicflags) VALUE
 ('511853', @Alchemy, '0', '1', '1', '0', '0', '-8986.42', '761.01', '98.3301', '5.61438', '300', '0', '0', '1', '0', '0', '0', '0', '0'),
 ('511855', @Blacksmithing, '0', '1', '1', '0', '0', '-8424.03', '621.91', '95.5514', '2.45708', '300', '0', '0', '1', '0', '0', '0', '0', '0'),
 ('511858', @Cooking, '0', '1', '1', '0', '0', '-8614.52', '361.664', '99.6253', '0.678137', '300', '0', '0', '1', '0', '0', '0', '0', '0'),
 ('511860', @Engineering, '0', '1', '1', '0', '0', '-8344.22', '634.57', '95.1996', '2.41387', '300', '0', '0', '1', '0', '0', '0', '0', '0'),
 ('511862', @Enchanting, '0', '1', '1', '0', '0', '-8850.54', '803.083', '96.3345', '3.59198', '300', '0', '0', '1', '0', '0', '0', '0', '0'),
 ('511864', @Inscription, '0', '1', '1', '0', '0', '-8863.98', '859.183', '99.6101', '0.171555', '300', '0', '0', '1', '0', '0', '0', '0', '0'),
 ('511866', @Jewelcrafting, '0', '1', '1', '0', '0', '-8659.53', '427.042', '100.909', '2.1272', '300', '0', '0', '1', '0', '0', '0', '0', '0'),
 ('511868', @Leatherworking, '0', '1', '1', '0', '0', '-8720.42', '476.969', '98.6133', '3.7569', '300', '0', '0', '1', '0', '0', '0', '0', '0'),
 ('511870', @Tailoring, '0', '1', '1', '0', '0', '-8939.19', '795.954', '90.9426', '3.38778', '300', '0', '0', '1', '0', '0', '0', '0', '0'),
 ('511872', @Alchemy, '1', '1', '1', '0', '0', '1960.22', '-4476.73', '25.9313', '2.47475', '300', '0', '0', '1', '0', '0', '0', '0', '0'),
 ('511874', @Blacksmithing, '1', '1', '1', '0', '0', '2053.86', '-4835.87', '24.5775', '1.22987', '300', '0', '0', '1', '0', '0', '0', '0', '0'),
 ('511878', @Cooking, '1', '1', '1', '0', '0', '1776.46', '-4482.12', '45.6483', '4.69349', '300', '0', '0', '1', '0', '0', '0', '0', '0'),
 ('511880', @Engineering, '1', '1', '1', '0', '0', '2047.64', '-4744.29', '29.3859', '2.90671', '300', '0', '0', '1', '0', '0', '0', '0', '0'),
 ('511882', @Enchanting, '1', '1', '1', '0', '0', '1915.09', '-4436.13', '24.7944', '0.80971', '300', '0', '0', '1', '0', '0', '0', '0', '0'),
 ('511884', @Inscription, '1', '1', '1', '0', '0', '1837.65', '-4475.91', '47.742', '0.574076', '300', '0', '0', '1', '0', '0', '0', '0', '0'),
 ('511886', @Jewelcrafting, '1', '1', '1', '0', '0', '1891.89', '-4320.14', '23.396', '5.56923', '300', '0', '0', '1', '0', '0', '0', '0', '0'),
 ('511888', @Leatherworking, '1', '1', '1', '0', '0', '1853.77', '-4563.53', '24.9873', '2.17629', '300', '0', '0', '1', '0', '0', '0', '0', '0'),
 ('511890', @Tailoring, '1', '1', '1', '0', '0', '1811.68', '-4569.8', '23.0063', '2.3373', '300', '0', '0', '1', '0', '0', '0', '0', '0'),
 ('300000', '14729', '1', '1', '1', '0', '1', '1796.71', '-4573.5', '23.0063', '1.26915', '300', '0', '0', '1220', '0', '0', '0', '0', '0'),
 ('300001', '14728', '1', '1', '1', '0', '0', '1798.7', '-4574.08', '23.0063', '1.3045', '300', '0', '0', '1220', '0', '0', '0', '0', '0'),
 ('300002', '20612', '1', '1', '1', '0', '0', '1801.15', '-4574.38', '23.0063', '1.52755', '300', '0', '0', '1220', '0', '0', '0', '0', '0'),
 ('300003', '14727', '1', '1', '1', '0', '0', '1803.45', '-4573.65', '23.0063', '1.79851', '300', '0', '0', '1220', '0', '0', '0', '0', '0'),
 ('300004', '14724', '0', '1', '1', '0', '1', '-8939.88', '785.228', '97.3215', '1.74629', '300', '0', '0', '1220', '0', '0', '0', '0', '0'),
 ('300005', '20604', '0', '1', '1', '0', '0', '-8937.64', '785.884', '97.3215', '1.87195', '300', '0', '0', '1220', '0', '0', '0', '0', '0'),
 ('300006', '14723', '0', '1', '1', '0', '0', '-8935.53', '786.538', '97.3215', '1.87195', '300', '0', '0', '1220', '0', '0', '0', '0', '0'),
 ('300007', '14725', '0', '1', '1', '0', '0', '-8933.78', '788.13', '97.3213', '2.37068', '300', '0', '0', '1220', '0', '0', '0', '0', '0');
